site,ref_aa,n_mutations,n_unique_aa,aa_variants,mutation_freq,n_synonymous,n_nonsynonymous,postmean_w,p_w_gt1,is_beb,beb_95,beb_99,beb_prob,beb_omega
1,Q,0,1,Q(10),0.0,0,0,2.592,0.496,True,False,False,0.719,2.531
2,V,1,2,"V(10), A(1)",0.09090909090909091,0,1,1.267,0.087,False,False,False,,
3,P,4,2,"P(10), A(1)",0.36363636363636365,3,1,1.0,0.005,False,False,False,,
4,D,10,3,"A(9), D(1), V(1)",0.9090909090909091,0,10,1.004,0.007,False,False,False,,
5,F,10,5,"I(5), M(3), F(1), R(1), V(1)",0.9090909090909091,0,10,1.142,0.049,False,False,False,,
6,V,7,2,"V(10), F(1)",0.6363636363636364,6,1,1.005,0.007,False,False,False,,
7,R,1,2,"R(10), M(1)",0.09090909090909091,0,1,1.05,0.021,False,False,False,,
8,N,10,4,"G(4), Y(3), S(3), N(1)",0.9090909090909091,0,10,1.167,0.057,False,False,False,,
9,M,10,2,"I(10), M(1)",0.9090909090909091,0,10,1.081,0.03,False,False,False,,
10,H,0,1,H(11),0.0,0,0,1.253,0.083,False,False,False,,
11,Q,0,1,Q(11),0.0,0,0,2.422,0.444,True,False,False,0.696,2.382
12,R,10,3,"S(7), W(3), R(1)",0.9090909090909091,0,10,0.987,0.001,False,False,False,,
13,F,10,2,"L(10), F(1)",0.9090909090909091,0,10,3.437,0.756,True,False,False,0.873,3.1
14,V,10,3,"L(7), T(3), V(1)",0.9090909090909091,0,10,1.316,0.103,False,False,False,,
15,S,3,2,"S(8), A(3)",0.2727272727272727,0,3,1.099,0.036,False,False,False,,
16,S,10,2,"N(10), S(1)",0.9090909090909091,0,10,1.071,0.027,False,False,False,,
17,A,10,4,"V(7), R(2), A(1), E(1)",0.9090909090909091,0,10,3.803,0.87,True,False,False,0.931,3.315
18,P,10,3,"T(7), A(3), P(1)",0.9090909090909091,0,10,1.65,0.206,True,False,False,0.521,1.824
19,P,10,3,"V(7), A(3), P(1)",0.9090909090909091,0,10,1.132,0.046,False,False,False,,
20,D,3,2,"D(8), G(3)",0.2727272727272727,0,3,3.576,0.8,True,False,False,0.886,3.173
21,D,10,3,"A(7), H(3), D(1)",0.9090909090909091,0,10,1.41,0.132,False,False,False,,
22,K,10,2,"R(10), K(1)",0.9090909090909091,0,10,1.035,0.016,False,False,False,,
23,P,10,2,"L(10), P(1)",0.9090909090909091,0,10,3.934,0.91,True,False,False,0.946,3.416
24,F,10,4,"Q(4), D(3), K(3), F(1)",0.9090909090909091,0,10,1.244,0.08,False,False,False,,
25,M,10,4,"S(6), K(3), M(1), R(1)",0.9090909090909091,0,10,0.99,0.002,False,False,False,,
26,D,3,2,"D(8), A(3)",0.2727272727272727,0,3,1.472,0.151,False,False,False,,
27,I,10,2,"I(8), L(3)",0.9090909090909091,7,3,3.649,0.822,True,False,False,0.905,3.224
28,L,3,2,"L(8), V(3)",0.2727272727272727,0,3,1.003,0.006,False,False,False,,
29,R,6,3,"R(5), E(3), K(3)",0.5454545454545454,0,6,1.706,0.223,True,False,False,0.509,1.813
30,L,7,2,"M(7), L(4)",0.6363636363636364,0,7,1.629,0.199,False,False,False,,
31,T,7,2,"A(7), T(4)",0.6363636363636364,0,7,1.679,0.215,True,False,False,0.507,1.795
32,E,10,3,"E(5), Q(3), K(3)",0.9090909090909091,4,6,1.02,0.012,False,False,False,,
33,A,10,2,"E(10), A(1)",0.9090909090909091,0,10,2.484,0.463,True,False,False,0.695,2.458
34,H,3,2,"H(8), Y(3)",0.2727272727272727,0,3,4.066,0.951,True,True,False,0.969,3.486
35,P,7,1,P(11),0.6363636363636364,7,0,1.002,0.006,False,False,False,,
36,T,10,3,"S(7), C(3), T(1)",0.9090909090909091,0,10,1.006,0.007,False,False,False,,
37,D,3,1,D(11),0.2727272727272727,3,0,1.079,0.03,False,False,False,,
38,V,10,1,V(11),0.9090909090909091,10,0,1.399,0.128,False,False,False,,
39,A,10,3,"V(7), L(3), A(1)",0.9090909090909091,0,10,1.138,0.048,False,False,False,,
40,V,10,3,"L(7), I(3), V(1)",0.9090909090909091,0,10,1.455,0.146,False,False,False,,
41,T,0,1,T(11),0.0,0,0,1.82,0.258,True,False,False,0.559,1.937
42,L,0,1,L(11),0.0,0,0,3.755,0.855,True,False,False,0.921,3.296
43,L,3,1,L(11),0.2727272727272727,3,0,2.146,0.359,True,False,False,0.609,2.157
44,R,0,1,R(11),0.0,0,0,1.003,0.006,False,False,False,,
45,C,3,2,"C(8), W(3)",0.2727272727272727,0,3,1.498,0.159,False,False,False,,
